Asset_Accession_Form_04_23_18__Tier_Level,InfoCard.Dataset..prefabReport.InfoCardNumber,Asset_Accession_Form_04_23_18__H_Title,Asset_Accession_Form_04_23_18__Asset_Description,InfoCard.Dataset..prefabReport.InfoCardTitle,Asset_Accession_Form_04_23_18__Department_Owner,InfoCard.Dataset..prefabReport.InfocardVault
1,1173,HPLC,HPLC,Asset Accession Form BWEBB 23 Oct 2015,QC,Asset Accession Release
1,1519,Capillary Electrophoresis System,Capillary Electrophoresis System,Asset Accession Form BWEBB 23 Oct 2015,QC,Asset Accession Release
1,759,BPG 200/500 Column,BPG 200/500 Column,Asset Accession Form BWEBB 23 Oct 2015,PP,Asset Accession Release
1,1623,-80C Freezer,-80C Freezer,Asset Accession Form BWEBB 23 Oct 2015,MM,Asset Accession Release
1,760,BPG 200/500 Column,BPG 200/500 Column,Asset Accession Form BWEBB 23 Oct 2015,PP,Asset Accession Release
1,1130,30cm Chromatography Column,30cm Chromatography Column,Asset Accession Form BWEBB 23 Oct 2015,PP,Asset Accession Release
1,412,BPG 30cm Column,BPG 30cm Column,Asset Accession Form BWEBB 23 Oct 2015,PP,Asset Accession Release
1,314,BPG 300/500 Column,BPG 300/500 Column,Asset Accession Form BWEBB 23 Oct 2015,PP,Asset Accession Release
1,1210,Capillary Electrophoresis System,Capillary Electrophoresis System,Asset Accession Form BWEBB 23 Oct 2015,QC,Asset Accession Release
1,1129,30cm Chromatography Column,30cm Chromatography Column,Asset Accession Form BWEBB 23 Oct 2015,PP,Asset Accession Release
1,1174,HPLC,HPLC,Asset Accession Form BWEBB 23 Oct 2015,QC,Asset Accession Release
1,884,Hyclone sub 250 Single Use Bioreator,Hyclone sub 250 Single Use Bioreator,Asset Accession Form BWEBB 23 Oct 2015,CC,Asset Accession Release
1,1587,Mass Flow Controller for the 250L Single Use Bioreactor,Mass Flow Controller for the 250L Single Use Bioreactor,Asset Accession Form BWEBB 23 Oct 2015,CC,Asset Accession Release
1,1034,-80°C Freezer,-80°C Freezer,Asset Accession Form BWEBB 23 Oct 2015,MM,Asset Accession Release
1,394,UV Spectrophotometer,UV Spectrophotometer,Asset Accession Form BWEBB 23 Oct 2015,QC,Asset Accession Release
1,885,Hyclone Sub 1000L Single Use Bioreactor,Hyclone Sub 1000L Single Use Bioreactor,Asset Accession Form BWEBB 23 Oct 2015,CC,Asset Accession Release
1,1632,30 cm Chromatography column,30 cm Chromatography column,Asset Accession Form BWEBB 23 Oct 2015,PP,Asset Accession Release
1,894,Lauda 250L Temperature Control Unit,Lauda 250L Temperature Control Unit,Asset Accession Form BWEBB 23 Oct 2015,CC,Asset Accession Release
1,1223,128 Sidney Street GMP Production Area,128 Sidney Street GMP Production Area,Asset Accession Form BWEBB 23 Oct 2015,EN,Asset Accession Release
1,403,BPG 20cm Column,BPG 20cm Column,Asset Accession Form BWEBB 23 Oct 2015,PP,Asset Accession Release
1,1146,BSC 6ft,BSC 6ft,Asset Accession Form BWEBB 23 Oct 2015 Test,PP,Asset Accession Release
1,836,LN2 Dewar Cryo Plus 2,LN2 Dewar Cryo Plus 2,Asset Accession Form BWEBB 23 Oct 2015,QC,Asset Accession Release
1,1147,BSC 6ft,BSC 6ft,Asset Accession Form BWEBB 23 Oct 2015,PP,Asset Accession Release
1,1630,30 cm Chromatography column,30 cm Chromatography column,Asset Accession Form BWEBB 23 Oct 2015,PP,Asset Accession Release
1,1177,Hot Lips II Tube Sealer,Hot Lips II Tube Sealer,Asset Accession Form BWEBB 23 Oct 2015,PP,Asset Accession Release
1,1588,Mass Flow Controller for 1000L Single Use Bioreactor,Mass Flow Controller for 1000L Single Use Bioreactor,Asset Accession Form BWEBB 23 Oct 2015,CC,Asset Accession Release
1,1631,30 cm Chromatography column,30 cm Chromatography column,Asset Accession Form BWEBB 23 Oct 2015,PP,Asset Accession Release
2,440,-20 freezer,-20 freezer,Asset Accession Form BWEBB 23 Oct 2015,MM,Asset Accession Release
2,1106,Hot Lips Tube Sealer,Hot Lips Tube Sealer,Asset Accession Form BWEBB 23 Oct 2015,CC,Asset Accession Release
2,1640,Hot Lips Tube Sealer,Hot Lips Tube Sealer,Asset Accession Form BWEBB 23 Oct 2015,CC,Asset Accession Release
2,1023,Benchtop Sterilizer/Autoclave,Benchtop Sterilizer/Autoclave,Asset Accession Form BWEBB 23 Oct 2015,CC,Asset Accession Release
2,873,BSC,BSC,BSC equipment ID#0873,CC,Asset Accession Release
2,1356,Wave 20/50 Bioreactor,Wave 20/50 Bioreactor,Asset Accession Form BWEBB 23 Oct 2015,CC,Asset Accession Release
2,887,6' Biosafety Cabinet,6' Biosafety Cabinet,Asset Accession Form BWEBB 23 Oct 2015,CC,Asset Accession Release
2,1639,Sartorius Biowelder TC,Sartorius Biowelder TC,Asset Accession Form BWEBB 23 Oct 2015,CC,Asset Accession Release
2,813,-20C Freezer,-20C Freezer,Asset Accession Form BWEBB 23 Oct 2015,QC,Asset Accession Release
2,891,Sartorius Biowelder,Sartorius Biowelder,Asset Accession Form BWEBB 23 Oct 2015,CC,Asset Accession Release
2,527,Sanyo Freezer -20°C,Sanyo Freezer -20°C,Asset Accession Form BWEBB 23 Oct 2015,MM,Asset Accession Release
2,1224,Sartorius Biowelder,Sartorius Biowelder,Asset Accession Form BWEBB 23 Oct 2015,CC,Asset Accession Release
3,1388,Balance,Balance,Asset Accession Form BWEBB 23 Oct 2015,PD,Asset Accession Release
3,139,Digital Pressure Monitor,Digital Pressure Monitor,Asset Accession Form BWEBB 23 Oct 2015,PP,Asset Accession Release
3,981,EMD Viable Air Sampler,EMD Viable Air Sampler,Asset Accession Form BWEBB 23 Oct 2015,QC,Asset Accession Release
3,113,Conductivity Meter,Conductivity Meter,Asset Accession Form BWEBB 23 Oct 2015,PP,Asset Accession Release
3,1105,Fan Powered HEPA (FPH-1;13),Fan Powered HEPA (FPH-1;13),1105: Fan Powered HEPA (FPH-1;13),FC,Asset Accession Release
3,1093,Differential Pressure Transmitter (DP4-2),Differential Pressure Transmitter (DP4-2),Asset Accession Form BWEBB 23 Oct 2015,FC,Asset Accession Release
3,1056,Electric Reheat Coil (RHC 1-2),Electric Reheat Coil (RHC 1-2),1056: Electric Reheat Coil (RHC 1-2),FC,Asset Accession Release
3,1072,Setra Differential Pressure Transmitter (DP1-5),Setra Differential Pressure Transmitter (DP1-5),Asset Accession Form BWEBB 23 Oct 2015,FC,Asset Accession Release
3,1515,Refrigerated Incubator,Refrigerated Incubator,Asset Accession Form BWEBB 23 Oct 2015,QC,Asset Accession Release
3,1096,Differential Pressure Transmitter (DP3-4),Differential Pressure Transmitter (DP3-4),Asset Accession Form BWEBB 23 Oct 2015,FC,Asset Accession Release
3,1075,Setra Differential Pressure Transmitter (DP1-8),Setra Differential Pressure Transmitter (DP1-8),Asset Accession Form BWEBB 23 Oct 2015,FC,Asset Accession Release
3,1565,Milliflex PLUS Pump,Milliflex PLUS Pump,Asset Accession Form BWEBB 23 Oct 2015,QC,Asset Accession Release
3,1066,-40°C Freezer,-40°C Freezer,Asset Accession Form BWEBB 23 Oct 2015,QC,Asset Accession Release
3,1578,Temp/RH Transmitter,Temp/RH Transmitter,Asset Accession Form BWEBB 23 Oct 2015,FC,Asset Accession Release
3,990,Compressed Air System Including Compressor; Dryer; Filter; Air Receiver & Dist System,Compressed Air System Including Compressor; Dryer; Filter; Air Receiver & Dist System,Asset Accession Form BWEBB 23 Oct 2015,FC,Asset Accession Release
3,692,BSC,BSC,Asset Accession Form BWEBB 23 Oct 2015,QC,Asset Accession Release
3,871,6' Biological Safety Cabinet,6' Biological Safety Cabinet,Asset Accession Form BWEBB 23 Oct 2015,QC,Asset Accession Release
3,1063,Cleanroom HVAC Sytem PRTU-2,Cleanroom HVAC Sytem PRTU-2,1063: Cleanroom HVAC Sytem PRTU-2,FC,Asset Accession Release
3,1073,Setra Differential Pressure Transmitter (DP1-6),Setra Differential Pressure Transmitter (DP1-6),Asset Accession Form BWEBB 23 Oct 2015,FC,Asset Accession Release
3,1084,Fan Powered HEPA (FPH1;4) associated with cleanroom HVAC system PRTU-4,Fan Powered HEPA (FPH1;4) associated with cleanroom HVAC system PRTU-4,1084: Fan Powered HEPA (FPH1;4) associated with cleanroom HVAC system PRTU-4,FC,Asset Accession Release
3,978,EMD Air Sampler,EMD Air Sampler,Asset Accession Form BWEBB 23 Oct 2015,QC,Asset Accession Release
3,1076,Setra Differential Pressure Transmitter (DP2-1),Setra Differential Pressure Transmitter (DP2-1),Asset Accession Form BWEBB 23 Oct 2015,FC,Asset Accession Release
3,1092,Differential Pressure Transmitter (DP4-1),Differential Pressure Transmitter (DP4-1),Asset Accession Form BWEBB 23 Oct 2015,FC,Asset Accession Release
3,1097,Fan Powered HEPA (FPH1;5),Fan Powered HEPA (FPH1;5),1097: Fan Powered HEPA (FPH1;5),FC,Asset Accession Release
3,758,0-10 Bar Manometer,0-10 Bar Manometer,Asset Accession Form BWEBB 23 Oct 2015,PP,Asset Accession Release
3,1521,QC Changing / Sampling Room 253,QC Changing / Sampling Room 253,Asset Accession Form BWEBB 23 Oct 2015,QC,Asset Accession Release
3,1133,0-5 Bar Pressure Monometer,0-5 Bar Pressure Monometer,Asset Accession Form BWEBB 23 Oct 2015,PP,Asset Accession Release
3,1094,Differential Pressure Transmitter (DP3-1),Differential Pressure Transmitter (DP3-1),Asset Accession Form BWEBB 23 Oct 2015,FC,Asset Accession Release
3,1584,Timer,Timer,Asset Accession Form BWEBB 23 Oct 2015,BD,Asset Accession Release
3,323,Manometer,Manometer,Asset Accession Form BWEBB 23 Oct 2015,PP,Asset Accession Release
3,33,Spectratest ABS1 Validation Plate,Spectratest ABS1 Validation Plate,Asset Accession Form BWEBB 23 Oct 2015,QC,Asset Accession Release
3,1086,Fan Powered HEPA (FPH1;2) associated with cleanroom HVAC system PRTU-3,Fan Powered HEPA (FPH1;2) associated with cleanroom HVAC system PRTU-3,1086: Fan Powered HEPA (FPH1;2) associated with cleanroom HVAC system PRTU-3,FC,Asset Accession Release
3,125,Conductivity Meter,Conductivity Meter,Asset Accession Form BWEBB 23 Oct 2015,PP,Asset Accession Release
3,395,Refridgerated Incubator / Stability Chamber,Refridgerated Incubator / Stability Chamber,Asset Accession Form BWEBB 23 Oct 2015,QC,Asset Accession Release
3,1576,Temp/RH Transmitter,Temp/RH Transmitter,Asset Accession Form BWEBB 23 Oct 2015,FC,Asset Accession Release
3,1061,Cleanroom HVAC System PRTU-3,Cleanroom HVAC System PRTU-3,1061: Cleanroom HVAC System PRTU-3,FC,Asset Accession Release
3,1103,Fan Powered HEPA (FPH-1;11),Fan Powered HEPA (FPH-1;11),1103: Fan Powered HEPA (FPH-1;11),FC,Asset Accession Release
3,291,Pump,Pump,Asset Accession Form BWEBB 23 Oct 2015,PP,Asset Accession Release
3,878,Orbital Shaker,Orbital Shaker,Asset Accession Form BWEBB 23 Oct 2015,CC,Asset Accession Release
3,1082,Electric Steam Humidifier (H-4) Associated with Cleanroom HVAC System PRTU-4,Electric Steam Humidifier (H-4) Associated with Cleanroom HVAC System PRTU-4,1082: Electric Steam Humidifier (H-4) Associated with Cleanroom HVAC System PRTU-4,FC,Asset Accession Release
3,1087,Exhaust Fan (PEF-3) associated with cleanroom HVAC PRTU-3,Exhaust Fan (PEF-3) associated with cleanroom HVAC PRTU-3,1087: Exhaust Fan (PEF-3) associated with cleanroom HVAC PRTU-3,FC,Asset Accession Release
3,1568,Balance,Balance,Asset Accession Form BWEBB 23 Oct 2015,CC,Asset Accession Release
3,286,Binder Refrigerated Incubators,Binder Refrigerated Incubators,Asset Accession Form BWEBB 23 Oct 2015,QC,Asset Accession Release
3,1058,Fan Powered Hepa (FPH1;1),Fan Powered Hepa (FPH1;1),1058: Fan Powered Hepa (FPH1;1),FC,Asset Accession Release
3,869,Allegra X-12R Refrigerated Centrifuge,Allegra X-12R Refrigerated Centrifuge,Asset Accession Form BWEBB 23 Oct 2015,QC,Asset Accession Release
3,320,Manometer (0-5 Bar),Manometer (0-5 Bar),Asset Accession Form BWEBB 23 Oct 2015,PP,Asset Accession Release
3,185,Microcentrifuge,Microcentrifuge,Asset Accession Form BWEBB 23 Oct 2015,QC,Asset Accession Release
3,13,Allegra X-12R Centrifuge Catalog # 392302 System ID #479610,Allegra X-12R Centrifuge Catalog # 392302 System ID #479610,Asset Accession Form BWEBB 23 Oct 2015,CC,Asset Accession Release
3,995,VWR Digital Water Bath,VWR Digital Water Bath,Asset Accession Form BWEBB 23 Oct 2015,CC,Asset Accession Release
3,1529,Conductivity Meter,Conductivity Meter,Asset Accession Form BWEBB 23 Oct 2015,PP,Asset Accession Release
3,429,Sanyo Refrigerator 2-8°C,Sanyo Refrigerator 2-8°C,Asset Accession Form BWEBB 23 Oct 2015,QC,Asset Accession Release
3,225,Digital Thermometer,Digital Thermometer,Asset Accession Form BWEBB 23 Oct 2015,QC,Asset Accession Release
3,1074,Setra Differential Pressure Transmitter (DP1-7),Setra Differential Pressure Transmitter (DP1-7),Asset Accession Form BWEBB 23 Oct 2015,FC,Asset Accession Release
3,1062,Cleanroom HVAC System PRTU-4,Cleanroom HVAC System PRTU-4,1062: Cleanroom HVAC System PRTU-4,FC,Asset Accession Release
3,1021,Cold Room,Cold Room,Asset Accession Form BWEBB 23 Oct 2015,MM,Asset Accession Release
3,393,FTIR Spectrometer,FTIR Spectrometer,Asset Accession Form BWEBB 23 Oct 2015,QC,Asset Accession Release
3,290,Pump,Pump,Asset Accession Form BWEBB 23 Oct 2015,PP,Asset Accession Release
3,888,Shaker,Shaker,Asset Accession Form BWEBB 23 Oct 2015,CC,Asset Accession Release
3,1603,Spectrum Pump,Spectrum Pump,Asset Accession Form BWEBB 23 Oct 2015,PP,Asset Accession Release
3,1080,Hot Water Reheat Coil (RHC4-1) associated with cleanroom HVAC system PRTU-4,Hot Water Reheat Coil (RHC4-1) associated with cleanroom HVAC system PRTU-4,1080: Hot Water Reheat Coil (RHC4-1) associated with cleanroom HVAC system PRTU-4,FC,Asset Accession Release
3,1068,Setra Differential Pressure Transmitter (DP1-1),Setra Differential Pressure Transmitter (DP1-1),Asset Accession Form BWEBB 23 Oct 2015,FC,Asset Accession Release
3,1057,Electric Reheat Coil (RHC 1-1),Electric Reheat Coil (RHC 1-1),1057: Electric Reheat Coil (RHC 1-1),FC,Asset Accession Release
3,1117,Floor Scale,Floor Scale,Asset Accession Form BWEBB 23 Oct 2015,PP,Asset Accession Release
3,543,Refrigerated recirculating chiller,Refrigerated recirculating chiller,Asset Accession Form BWEBB 23 Oct 2015,PP,Asset Accession Release
3,1099,Fan Powered HEPA (FPH-1;7),Fan Powered HEPA (FPH-1;7),1099: Fan Powered HEPA (FPH-1;7),FC,Asset Accession Release
3,1077,Setra Differential Pressure Transmitter (DP2-2),Setra Differential Pressure Transmitter (DP2-2),Asset Accession Form BWEBB 23 Oct 2015,FC,Asset Accession Release
3,1427,37C Incubator; 5% CO2,37C Incubator; 5% CO2,Asset Accession Form BWEBB 23 Oct 2015,QC,Asset Accession Release
3,708,Image Scanner III,Image Scanner III,Asset Accession Form BWEBB 23 Oct 2015,QC,Asset Accession Release
3,694,Conductivity Calibration Kit,Conductivity Calibration Kit,Asset Accession Form BWEBB 23 Oct 2015,EN,Asset Accession Release
3,1064,Exhaust Fan (PEF-1),Exhaust Fan (PEF-1),1064: Exhaust Fan (PEF-1),FC,Asset Accession Release
3,1115,Symphony Benchtop PH Meter,Symphony Benchtop PH Meter,Asset Accession Form BWEBB 23 Oct 2015,PP,Asset Accession Release
3,1586,pH Meter,pH Meter,Asset Accession Form BWEBB 23 Oct 2015,QC,Asset Accession Release
3,949,Binder Temperature Conrolled Incubator,Binder Temperature Conrolled Incubator,Asset Accession Form BWEBB 23 Oct 2015,QC,Asset Accession Release
3,1349,PH/DO Meter,PH/DO Meter,Asset Accession Form BWEBB 23 Oct 2015,CC,Asset Accession Release
3,210,Diafiltration Pump,Diafiltration Pump,Asset Accession Form BWEBB 23 Oct 2015,PP,Asset Accession Release
3,865,Fluoroskan Ascent,Fluoroskan Ascent,Asset Accession Form BWEBB 23 Oct 2015,QC,Asset Accession Release
3,530,Binder Incubator,Binder Incubator,Asset Accession Form BWEBB 23 Oct 2015,QC,Asset Accession Release
3,1594,i-Stat Handheld Chemical Analyzer,i-Stat Handheld Chemical Analyzer,Asset Accession Form BWEBB 23 Oct 2015,CC,Asset Accession Release
3,1113,Conductivity Meter,Conductivity Meter,Asset Accession Form BWEBB 23 Oct 2015,PP,Asset Accession Release
3,382,MiniKros Pilot Pump System w/ Integrated Pressure Monitoring,MiniKros Pilot Pump System w/ Integrated Pressure Monitoring,Asset Accession Form BWEBB 23 Oct 2015,PP,Asset Accession Release
3,1100,Fan Powered HEPA (FPH-1;8),Fan Powered HEPA (FPH-1;8),1100: Fan Powered HEPA (FPH-1;8),FC,Asset Accession Release
3,231,KrosFlo Digital Pressure Monitor,KrosFlo Digital Pressure Monitor,Asset Accession Form BWEBB 23 Oct 2015,PP,Asset Accession Release
3,1577,Temp/RH Transmitter,Temp/RH Transmitter,Asset Accession Form BWEBB 23 Oct 2015,FC,Asset Accession Release
3,480,Osmometer,Osmometer,Asset Accession Form BWEBB 23 Oct 2015,QC,Asset Accession Release
3,946,Revco -80°C Freezer,Revco -80°C Freezer,Asset Accession Form BWEBB 23 Oct 2015,QC,Asset Accession Release
3,1102,Fan Powered HEPA (FPH-1;10),Fan Powered HEPA (FPH-1;10),1102: Fan Powered HEPA (FPH-1;10),FC,Asset Accession Release
3,1051,Climet Particle Counter,Climet Particle Counter,Asset Accession Form BWEBB 23 Oct 2015,QC,Asset Accession Release
3,1132,0-5 Bar Pressure Monometer,0-5 Bar Pressure Monometer,Asset Accession Form BWEBB 23 Oct 2015,PP,Asset Accession Release
3,392,Kaye Validator 2000,Kaye Validator 2000,Asset Accession Form BWEBB 23 Oct 2015,EN,Asset Accession Release
3,1502,Dry Block Thermometer,Dry Block Thermometer,Asset Accession Form BWEBB 23 Oct 2015,QC,Asset Accession Release
3,1081,Hot Water Reheat Coil (RHC3-1) associated with cleanroom HVAC system PRTU-3,Hot Water Reheat Coil (RHC3-1) associated with cleanroom HVAC system PRTU-3,1081: Hot Water Reheat Coil (RHC3-1) associated with cleanroom HVAC system PRTU-3,FC,Asset Accession Release
3,945,Revco -20°C Freezer,Revco -20°C Freezer,Asset Accession Form BWEBB 23 Oct 2015,QC,Asset Accession Release
3,421,Floor Scale,Floor Scale,Asset Accession Form BWEBB 23 Oct 2015,PP,Asset Accession Release
3,1104,Fan Powered HEPA (FPH-1;12),Fan Powered HEPA (FPH-1;12),1104: Fan Powered HEPA (FPH-1;12),FC,Asset Accession Release
3,34,Spectramax 190 Ext Microplate Reader,Spectramax 190 Ext Microplate Reader,Asset Accession Form BWEBB 23 Oct 2015,QC,Asset Accession Release
3,1083,Electric Steam Humidifier (H-3) Associated with Cleanroom HVAC System PRTU-3,Electric Steam Humidifier (H-3) Associated with Cleanroom HVAC System PRTU-3,1083: Electric Steam Humidifier (H-3) Associated with Cleanroom HVAC System PRTU-3,FC,Asset Accession Release
3,1350,Analytical Balance,Analytical Balance,Asset Accession Form BWEBB 23 Oct 2015,QC,Asset Accession Release
3,122,Fluoroskan Ascent FL Luminometer,Fluoroskan Ascent FL Luminometer,Asset Accession Form BWEBB 23 Oct 2015,QC,Asset Accession Release
3,1520,Climet Non-Viable Air Particle Counter,Climet Non-Viable Air Particle Counter,Asset Accession Form BWEBB 23 Oct 2015,QC,Asset Accession Release
3,1046,Cleanroom HVAC System PRTU-1,Cleanroom HVAC System PRTU-1,1046: Cleanroom HVAC System PRTU-1,FC,Asset Accession Release
3,292,Pump,Pump,Asset Accession Form BWEBB 23 Oct 2015,PP,Asset Accession Release
3,1065,Exhaust Fan (PEF-2),Exhaust Fan (PEF-2),1065: Exhaust Fan (PEF-2),FC,Asset Accession Release
3,1131,SB Series Top Loading High Capacity Balance,SB Series Top Loading High Capacity Balance,Asset Accession Form BWEBB 23 Oct 2015,PP,Asset Accession Release
3,1085,Fan Powered HEPA (FPH1;3) associated with cleanroom HVAC system PRTU-4,Fan Powered HEPA (FPH1;3) associated with cleanroom HVAC system PRTU-4,1085: Fan Powered HEPA (FPH1;3) associated with cleanroom HVAC system PRTU-4,FC,Asset Accession Release
3,826,Sanyo Labcool 2-8°C Refrigerator,Sanyo Labcool 2-8°C Refrigerator,Asset Accession Form BWEBB 23 Oct 2015,87001-956,Asset Accession Release
3,1005,Water Purification System,Water Purification System,Asset Accession Form BWEBB 23 Oct 2015,QC,Asset Accession Release
3,114,Weight Set; NIST Traceable 100G - 1 mg,Weight Set; NIST Traceable 100G - 1 mg,Asset Accession Form BWEBB 23 Oct 2015,QC,Asset Accession Release
3,230,KrosFlo Digital Pressure Monitor,KrosFlo Digital Pressure Monitor,Asset Accession Form BWEBB 23 Oct 2015,PD,Asset Accession Release
3,306,Cuvette Set,Cuvette Set,Asset Accession Form BWEBB 23 Oct 2015,QC,Asset Accession Release
3,757,0-10 Bar Manometer,0-10 Bar Manometer,Asset Accession Form BWEBB 23 Oct 2015,PP,Asset Accession Release
3,867,37°C Incubator,37°C Incubator,Asset Accession Form BWEBB 23 Oct 2015,QC,Asset Accession Release
3,258,Liquid Nitrogen Level Sensor,Liquid Nitrogen Level Sensor,Asset Accession Form BWEBB 23 Oct 2015,QC,Asset Accession Release
3,1585,Timer,Timer,Asset Accession Form BWEBB 23 Oct 2015,BD,Asset Accession Release
3,1118,XP Series Precision Balance Table Top,XP Series Precision Balance Table Top,Asset Accession Form BWEBB 23 Oct 2015,PP,Asset Accession Release
3,504,SciLog SciPress in-line Pressure Monitor,SciLog SciPress in-line Pressure Monitor,Asset Accession Form BWEBB 23 Oct 2015,PP,Asset Accession Release
3,1116,Symphony Benchtop PH Meter,Symphony Benchtop PH Meter,Asset Accession Form BWEBB 23 Oct 2015,PP,Asset Accession Release
3,1621,Weight Set; NIST Traceable 100-5mg,Weight Set; NIST Traceable 100-5mg,Asset Accession Form BWEBB 23 Oct 2015,QC,Asset Accession Release
3,381,MiniKros Pilot Pump System w/ Integrated Pressure Monitoring,MiniKros Pilot Pump System w/ Integrated Pressure Monitoring,Asset Accession Form BWEBB 23 Oct 2015,PP,Asset Accession Release
3,420,Electronic Display for Floor Scale,Electronic Display for Floor Scale,Asset Accession Form BWEBB 23 Oct 2015,PP,Asset Accession Release
3,1071,Setra Differential Pressure Transmitter (DP1-4),Setra Differential Pressure Transmitter (DP1-4),Asset Accession Form BWEBB 23 Oct 2015,FC,Asset Accession Release
3,1078,VWR Digital Heat Block,VWR Digital Heat Block,Asset Accession Form BWEBB 23 Oct 2015,QC,Asset Accession Release
3,112,Conductivity Meter,Conductivity Meter,Asset Accession Form BWEBB 23 Oct 2015,PP,Asset Accession Release
3,1563,Analog Orbital Shaker,Analog Orbital Shaker,Asset Accession Form BWEBB 23 Oct 2015,QC,Asset Accession Release
3,872,4' Biological Safety Cabinet,4' Biological Safety Cabinet,Asset Accession Form BWEBB 23 Oct 2015,QC,Asset Accession Release
3,1530,Conductivity Meter,Conductivity Meter,Asset Accession Form BWEBB 23 Oct 2015,PP,Asset Accession Release
3,728,VWR Laboratory Thermostatic bath; hot water bath 12L 120V,VWR Laboratory Thermostatic bath; hot water bath 12L 120V,Asset Accession Form BWEBB 23 Oct 2015,QC,Asset Accession Release
3,1211,Centrifuge,Centrifuge,Asset Accession Form BWEBB 23 Oct 2015,QC,Asset Accession Release
3,485,Sanyo 2-8ºC Refrigerator,Sanyo 2-8ºC Refrigerator,Asset Accession Form BWEBB 23 Oct 2015,QC,Asset Accession Release
3,489,VWR Orbital shaker mini 120V,VWR Orbital shaker mini 120V,Asset Accession Form BWEBB 23 Oct 2015,QC,Asset Accession Release
3,1070,Setra Differential Pressure Transmitter (DP1-3),Setra Differential Pressure Transmitter (DP1-3),Asset Accession Form BWEBB 23 Oct 2015,FC,Asset Accession Release
3,1426,37C Incubator; 5% CO2,37C Incubator; 5% CO2,Asset Accession Form BWEBB 23 Oct 2015,QC,Asset Accession Release
3,1222,Photostability Chamber,Photostability Chamber,Photostability Chamber,QC,Asset Accession Release
3,889,Centrifuge,Centrifuge,Asset Accession Form BWEBB 23 Oct 2015,CC - NOT FOUND - Take OOS? Lin to follow-up.,Asset Accession Release
3,1060,Electric Humidifier (H-1),Electric Humidifier (H-1),1060: Electric Humidifier (H-1),FC,Asset Accession Release
3,140,Digital Pressure Monitor,Digital Pressure Monitor,Asset Accession Form BWEBB 23 Oct 2015,PP,Asset Accession Release
3,815,2-8C Refrigerator,2-8C Refrigerator,Asset Accession Form BWEBB 23 Oct 2015,87001-956,Asset Accession Release
3,980,EMD Viable Air Sampler,EMD Viable Air Sampler,Asset Accession Form BWEBB 23 Oct 2015,QC,Asset Accession Release
3,874,VWR Water Jacketed Co2 Incubator,VWR Water Jacketed Co2 Incubator,Asset Accession Form BWEBB 23 Oct 2015,CC,Asset Accession Release
3,1114,Conductivity Meter,Conductivity Meter,Asset Accession Form BWEBB 23 Oct 2015,PP,Asset Accession Release
3,289,Pump,Pump,Asset Accession Form BWEBB 23 Oct 2015,PP,Asset Accession Release
3,959,Centrifuge,Centrifuge,Asset Accession Form BWEBB 23 Oct 2015,QC,Asset Accession Release
3,190,Digital Pressure Monitor,Digital Pressure Monitor,Asset Accession Form BWEBB 23 Oct 2015,PP,Asset Accession Release
3,96,Pall Integrity Tester,Pall Integrity Tester,Asset Accession Form BWEBB 23 Oct 2015,PP,Asset Accession Release
3,1218,Incubating Orbital Shaker,Incubating Orbital Shaker,Asset Accession Form BWEBB 23 Oct 2015,QC,Asset Accession Release
3,1042,Allegra X-12R Centrifuge,Allegra X-12R Centrifuge,Asset Accession Form BWEBB 23 Oct 2015,CC,Asset Accession Release
3,413,Heat Block,Heat Block,Asset Accession Form BWEBB 23 Oct 2015,QC,Asset Accession Release
3,827,2-8°C Refridgerator,2-8°C Refridgerator,Asset Accession Form BWEBB 23 Oct 2015,87001-956,Asset Accession Release
3,720,37ºC Incubator,37ºC Incubator,Asset Accession Form BWEBB 23 Oct 2015,QC,Asset Accession Release
3,307,Cuvette Set,Cuvette Set,Asset Accession Form BWEBB 23 Oct 2015,QC,Asset Accession Release
3,1098,Fan Powered HEPA (FPH-1;6),Fan Powered HEPA (FPH-1;6),1098: Fan Powered HEPA (FPH-1;6),FC,Asset Accession Release
3,1101,Fan Powered HEPA (FPH-1;9),Fan Powered HEPA (FPH-1;9),1101: Fan Powered HEPA (FPH-1;9),FC,Asset Accession Release
3,1575,Temp/RH Transmitter,Temp/RH Transmitter,Asset Accession Form BWEBB 23 Oct 2015,FC,Asset Accession Release
3,977,Climet Non-Viable Air Particle Counter,Climet Non-Viable Air Particle Counter,Asset Accession Form BWEBB 23 Oct 2015,QC,Asset Accession Release
3,1601,-80C Freezer,-80C Freezer,Asset Accession Form BWEBB 23 Oct 2015,QC,Asset Accession Release
3,1055,Electric Reheat Coil (RHC2-1),Electric Reheat Coil (RHC2-1),1055: Electric Reheat Coil (RHC2-1),FC,Asset Accession Release
3,1340,Liquid Nitrogen Level Monitor,Liquid Nitrogen Level Monitor,Asset Accession Form BWEBB 23 Oct 2015,QC,Asset Accession Release
3,175,Conductivity Meter,Conductivity Meter,Asset Accession Form BWEBB 23 Oct 2015,QC,Asset Accession Release
3,1095,Differential Pressure Transmitter (DP3-3),Differential Pressure Transmitter (DP3-3),Asset Accession Form BWEBB 23 Oct 2015,FC,Asset Accession Release
3,875,VWR Water Jacketed Co2 Incubator,VWR Water Jacketed Co2 Incubator,Asset Accession Form BWEBB 23 Oct 2015,CC,Asset Accession Release
3,976,EMD Air Sampler,EMD Air Sampler,Asset Accession Form BWEBB 23 Oct 2015,QC,Asset Accession Release
3,1229,Orion 4 Star pH/Conductivity Meter,Orion 4 Star pH/Conductivity Meter,Asset Accession Form BWEBB 23 Oct 2015,QC,Asset Accession Release
3,1059,Electric Steam Humidifier (H-2),Electric Steam Humidifier (H-2),1059: Electric Steam Humidifier (H-2),FC,Asset Accession Release
3,108,Mettler toledo Balance,Mettler toledo Balance,Asset Accession Form BWEBB 23 Oct 2015,QC,Asset Accession Release
4,1596,Traceable Timer,Traceable Timer,Asset Accession Form BWEBB 23 Oct 2015,PP,Asset Accession Release
4,265,Pipettor L1000,Pipettor L1000,Asset Accession Form BWEBB 23 Oct 2015,QC,Asset Accession Release
4,1228,Light Microscope,Light Microscope,Asset Accession Form BWEBB 23 Oct 2015,QC,Asset Accession Release
4,118,Pipet Lite LTS Pipet (L100),Pipet Lite LTS Pipet (L100),Asset Accession Form BWEBB 23 Oct 2015,QC,Asset Accession Release
4,1614,Traceable 4 Channel Digital Timer,Traceable 4 Channel Digital Timer,Asset Accession Form BWEBB 23 Oct 2015,QC,Asset Accession Release
4,1112,Chart Recorder,Chart Recorder,Asset Accession Form BWEBB 23 Oct 2015,PP,Asset Accession Release
4,1110,Chart Recorder,Chart Recorder,Asset Accession Form BWEBB 23 Oct 2015,PP,Asset Accession Release
4,779,Small Scale Pump,Small Scale Pump,Asset Accession Form BWEBB 23 Oct 2015,PD,Asset Accession Release
4,1592,Traceable Timer,Traceable Timer,Asset Accession Form BWEBB 23 Oct 2015,PP,Asset Accession Release
4,722,Electronic Multi Channel Pipette; 250ul; cordless,Electronic Multi Channel Pipette; 250ul; cordless,Asset Accession Form BWEBB 23 Oct 2015,QC,Asset Accession Release
4,1230,Fume Hood,Fume Hood,Asset Accession Form BWEBB 23 Oct 2015,QC,Asset Accession Release
4,278,Honeywell chart recorder,Honeywell chart recorder,Asset Accession Form BWEBB 23 Oct 2015,QC,Asset Accession Release
4,1018,AirGas Regulator,AirGas Regulator,Asset Accession Form BWEBB 23 Oct 2015,CC,Asset Accession Release
4,521,Pipette Lite L-10,Pipette Lite L-10,Asset Accession Form BWEBB 23 Oct 2015,QC,Asset Accession Release
4,1052,20-200uL Pipette,20-200uL Pipette,Asset Accession Form BWEBB 23 Oct 2015,QC,Asset Accession Release
4,1444,Temperature/Humidity Data Logger,Temperature/Humidity Data Logger,Asset Accession Form BWEBB 23 Oct 2015,EN,Asset Accession Release
4,1006,AirGas Regulator,AirGas Regulator,Asset Accession Form BWEBB 23 Oct 2015,CC,Asset Accession Release
4,988,Carbon Dioxide Gas Supply System with Manifold; Supply Piping & Valving,Carbon Dioxide Gas Supply System with Manifold; Supply Piping & Valving,Asset Accession Form BWEBB 23 Oct 2015,EN,Asset Accession Release
4,994,Watson Marlow Pump,Watson Marlow Pump,Asset Accession Form BWEBB 23 Oct 2015,PP,Asset Accession Release
4,725,Nitrogen Gas Regulator,Nitrogen Gas Regulator,Asset Accession Form BWEBB 23 Oct 2015,QC,Asset Accession Release
4,1339,Pressure Gauge,Pressure Gauge,Asset Accession Form BWEBB 23 Oct 2015,EN,Asset Accession Release
4,723,Oxygen Regulator,Oxygen Regulator,Asset Accession Form BWEBB 23 Oct 2015,QC,Asset Accession Release
4,1628,4-Channel Digital Timer,4-Channel Digital Timer,Asset Accession Form BWEBB 23 Oct 2015,CC,Asset Accession Release
4,1020,AirGas Regulator,AirGas Regulator,Asset Accession Form BWEBB 23 Oct 2015,CC,Asset Accession Release
4,1610,Traceable 4 Channel Digital Timer,Traceable 4 Channel Digital Timer,Asset Accession Form BWEBB 23 Oct 2015,QC,Asset Accession Release
4,205,Pipette 10 uL,Pipette 10 uL,Asset Accession Form BWEBB 23 Oct 2015,QC,Asset Accession Release
4,1014,AirGas Regulator,AirGas Regulator,Asset Accession Form BWEBB 23 Oct 2015,CC,Asset Accession Release
4,144,Matrix Impact 2 Electronic Pipettor (5-250 ul),Matrix Impact 2 Electronic Pipettor (5-250 ul),Asset Accession Form BWEBB 23 Oct 2015,QC,Asset Accession Release
4,1019,AirGas Regulator,AirGas Regulator,Asset Accession Form BWEBB 23 Oct 2015,CC,Asset Accession Release
4,1604,Spectrophotometer Cell; Cuvette Set,Spectrophotometer Cell; Cuvette Set,Asset Accession Form BWEBB 23 Oct 2015,QC,Asset Accession Release
4,1571,Sonicator,Sonicator,Asset Accession Form BWEBB 23 Oct 2015,QC,Asset Accession Release
4,26,Pipet lite LTS pipet 20-200ul,Pipet lite LTS pipet 20-200ul,Asset Accession Form BWEBB 23 Oct 2015,QC,Asset Accession Release
4,979,Milliflex Pump,Milliflex Pump,Asset Accession Form BWEBB 23 Oct 2015,QC,Asset Accession Release
4,28,Pipet lite LTS pipet 20-200ul,Pipet lite LTS pipet 20-200ul,Asset Accession Form BWEBB 23 Oct 2015,QC,Asset Accession Release
4,1599,Traceable Thermometer,Traceable Thermometer,Asset Accession Form BWEBB 23 Oct 2015,PP,Asset Accession Release
4,388,Sensory Input Module for Kaye Validator 2000,Sensory Input Module for Kaye Validator 2000,Asset Accession Form BWEBB 23 Oct 2015,EN,Asset Accession Release
4,1011,AirGas Regulator,AirGas Regulator,Asset Accession Form BWEBB 23 Oct 2015,CC,Asset Accession Release
4,1449,Temperature/Humidity Data Logger,Temperature/Humidity Data Logger,Asset Accession Form BWEBB 23 Oct 2015,EN,Asset Accession Release
4,703,-80C Freezer,-80C Freezer,Asset Accession Form BWEBB 23 Oct 2015,RD,Asset Accession Release
4,1162,Pipette 20 ul,Pipette 20 ul,Asset Accession Form BWEBB 23 Oct 2015,QC,Asset Accession Release
4,206,Multichannel Pipette 12 Channel 20-200 uL,Multichannel Pipette 12 Channel 20-200 uL,Asset Accession Form BWEBB 23 Oct 2015,QC,Asset Accession Release
4,1440,Airgas Pressure Gauge 0-30 psi,Airgas Pressure Gauge 0-30 psi,Asset Accession Form BWEBB 23 Oct 2015,QC,Asset Accession Release
4,1566,Pressure Gauge 0-30 psi,Pressure Gauge 0-30 psi,Asset Accession Form BWEBB 23 Oct 2015,QC,Asset Accession Release
4,993,Watson Marlow Pump,Watson Marlow Pump,Asset Accession Form BWEBB 23 Oct 2015,PP,Asset Accession Release
4,1017,AirGas Regulator,AirGas Regulator,Asset Accession Form BWEBB 23 Oct 2015,CC,Asset Accession Release
4,1590,Traceable Timer,Traceable Timer,Asset Accession Form BWEBB 23 Oct 2015,PP,Asset Accession Release
4,25,Pipette lite LTS pipet 2-20ul,Pipette lite LTS pipet 2-20ul,Asset Accession Form BWEBB 23 Oct 2015,QC,Asset Accession Release
4,1217,Spectrum Pump,Spectrum Pump,Asset Accession Form BWEBB 23 Oct 2015,CC,Asset Accession Release
4,158,Power Supply,Power Supply,Asset Accession Form BWEBB 23 Oct 2015,QC,Asset Accession Release
4,93,Pump (Watson Marlow),Pump (Watson Marlow),Asset Accession Form BWEBB 23 Oct 2015,PP,Asset Accession Release
4,1450,Temperature/Humidity Data Logger,Temperature/Humidity Data Logger,Asset Accession Form BWEBB 23 Oct 2015,EN,Asset Accession Release
4,780,Small Scale Pump,Small Scale Pump,Asset Accession Form BWEBB 23 Oct 2015,CC,Asset Accession Release
4,308,Pipet-Lite LTS pipet 2-20 ul,Pipet-Lite LTS pipet 2-20 ul,Asset Accession Form BWEBB 23 Oct 2015,QC,Asset Accession Release
4,1598,Traceable Thermometer,Traceable Thermometer,Asset Accession Form BWEBB 23 Oct 2015,PP,Asset Accession Release
4,117,Pipette Lite LTS Pipet (L1000),Pipette Lite LTS Pipet (L1000),Asset Accession Form BWEBB 23 Oct 2015,QC,Asset Accession Release
4,1446,Temperature/Humidity Data Logger,Temperature/Humidity Data Logger,Asset Accession Form BWEBB 23 Oct 2015,EN,Asset Accession Release
4,1358,VWR Digital Block Dry Heater,VWR Digital Block Dry Heater,Asset Accession Form BWEBB 23 Oct 2015,QC,Asset Accession Release
4,1611,Traceable 4 Channel Digital Timer,Traceable 4 Channel Digital Timer,Asset Accession Form BWEBB 23 Oct 2015,QC,Asset Accession Release
4,1443,Temperature/Humidity Data Logger,Temperature/Humidity Data Logger,Asset Accession Form BWEBB 23 Oct 2015,EN,Asset Accession Release
4,30,Pipet lite LTS pipet 100-1000ul,Pipet lite LTS pipet 100-1000ul,Asset Accession Form BWEBB 23 Oct 2015,QC,Asset Accession Release
4,115,Pipet-Lite LTS Pipet (L200),Pipet-Lite LTS Pipet (L200),Asset Accession Form BWEBB 23 Oct 2015,QC,Asset Accession Release
4,1163,Pipette 100 ul,Pipette 100 ul,Asset Accession Form BWEBB 23 Oct 2015,QC,Asset Accession Release
4,343,Positive Displacement Pipette 10-100ul,Positive Displacement Pipette 10-100ul,Asset Accession Form BWEBB 23 Oct 2015,QC,Asset Accession Release
4,260,VWR Photo Digital Tachometer,VWR Photo Digital Tachometer,Asset Accession Form BWEBB 23 Oct 2015,EN,Asset Accession Release
4,390,Intelligent Resistance Temperature Determination (IRTD) Probe,Intelligent Resistance Temperature Determination (IRTD) Probe,Asset Accession Form BWEBB 23 Oct 2015,EN,Asset Accession Release
4,1028,Rainin 10-100 uL Pipette,Rainin 10-100 uL Pipette,Asset Accession Form BWEBB 23 Oct 2015,QC,Asset Accession Release
4,262,Eppendorf Repeater plus pipette,Eppendorf Repeater plus pipette,Asset Accession Form BWEBB 23 Oct 2015,QC,Asset Accession Release
4,1241,Dickson Temperature/Humidity Meter,Dickson Temperature/Humidity Meter,Asset Accession Form BWEBB 23 Oct 2015,EN,Asset Accession Release
4,792,Heat Block,Heat Block,Asset Accession Form BWEBB 23 Oct 2015,QC,Asset Accession Release
4,1039,Master Flex Pump,Master Flex Pump,Asset Accession Form BWEBB 23 Oct 2015,CC,Asset Accession Release
4,21,Pipettte lite LTS pipet 10-100ul,Pipettte lite LTS pipet 10-100ul,Asset Accession Form BWEBB 23 Oct 2015,QC,Asset Accession Release
4,1447,Temperature/Humidity Data Logger,Temperature/Humidity Data Logger,Asset Accession Form BWEBB 23 Oct 2015,EN,Asset Accession Release
4,1627,4-Channel Digital Timer,4-Channel Digital Timer,Asset Accession Form BWEBB 23 Oct 2015,CC,Asset Accession Release
4,189,Kipp and Zonen Flatbed Chart Recorder,Kipp and Zonen Flatbed Chart Recorder,Asset Accession Form BWEBB 23 Oct 2015,PP,Asset Accession Release
4,1013,AirGas Regulator,AirGas Regulator,Asset Accession Form BWEBB 23 Oct 2015,CC,Asset Accession Release
4,1613,Traceable 4 Channel Digital Timer,Traceable 4 Channel Digital Timer,Asset Accession Form BWEBB 23 Oct 2015,QC,Asset Accession Release
4,1364,Temperature/Humidity Data Logger,Temperature/Humidity Data Logger,Asset Accession Form BWEBB 23 Oct 2015,EN,Asset Accession Release
4,1561,Mass Flow Controller,Mass Flow Controller,Asset Accession Form BWEBB 23 Oct 2015,RD,Asset Accession Release
4,1609,Traceable 4 Channel Digital Timer,Traceable 4 Channel Digital Timer,Asset Accession Form BWEBB 23 Oct 2015,QC,Asset Accession Release
4,1637,Micro Balance,Micro Balance,Asset Accession Form BWEBB 23 Oct 2015,AD,Asset Accession Release
4,240,Kaye Validator 2000,Kaye Validator 2000,Asset Accession Form BWEBB 23 Oct 2015,EN,Asset Accession Release
4,724,Carbon Dioxide Regulator,Carbon Dioxide Regulator,Asset Accession Form BWEBB 23 Oct 2015,QC,Asset Accession Release
4,1012,AirGas Regulator,AirGas Regulator,Asset Accession Form BWEBB 23 Oct 2015,CC,Asset Accession Release
4,1161,Pipette 200 ul,Pipette 200 ul,Asset Accession Form BWEBB 23 Oct 2015,QC,Asset Accession Release
4,1451,Temperature/Humidity Data Logger,Temperature/Humidity Data Logger,Asset Accession Form BWEBB 23 Oct 2015,EN,Asset Accession Release
4,1607,Traceable 4 Channel Digital Timer,Traceable 4 Channel Digital Timer,Asset Accession Form BWEBB 23 Oct 2015,QC,Asset Accession Release
4,1015,AirGas Regulator,AirGas Regulator,Asset Accession Form BWEBB 23 Oct 2015,CC,Asset Accession Release
4,1617,Traceable 4 Channel Digital Timer,Traceable 4 Channel Digital Timer,Asset Accession Form BWEBB 23 Oct 2015,QC,Asset Accession Release
4,1591,Traceable Timer,Traceable Timer,Asset Accession Form BWEBB 23 Oct 2015,PP,Asset Accession Release
4,1366,Temperature/Humidity Data Logger,Temperature/Humidity Data Logger,Asset Accession Form BWEBB 23 Oct 2015,EN,Asset Accession Release
4,159,Power Supply,Power Supply,Asset Accession Form BWEBB 23 Oct 2015,QC,Asset Accession Release
4,106,VWR analog dry block Heaters,VWR analog dry block Heaters,Asset Accession Form BWEBB 23 Oct 2015,QC,Asset Accession Release
4,1626,4-Channel Digital Timer,4-Channel Digital Timer,Asset Accession Form BWEBB 23 Oct 2015,CC,Asset Accession Release
4,31,Pipet lite LTS pipet 100-1000ul,Pipet lite LTS pipet 100-1000ul,Asset Accession Form BWEBB 23 Oct 2015,QC,Asset Accession Release
4,1111,Chart Recorder,Chart Recorder,Asset Accession Form BWEBB 23 Oct 2015,PP,Asset Accession Release
4,1007,AirGas Regulator,AirGas Regulator,Asset Accession Form BWEBB 23 Oct 2015,CC,Asset Accession Release
4,451,Polystyrene Traceable Reference Material,Polystyrene Traceable Reference Material,Asset Accession Form BWEBB 23 Oct 2015,QC,Asset Accession Release
4,98,REC 112 Flatbed Chart Recorder,REC 112 Flatbed Chart Recorder,Asset Accession Form BWEBB 23 Oct 2015,PD,Asset Accession Release
4,992,Watson Marlow Pump,Watson Marlow Pump,Asset Accession Form BWEBB 23 Oct 2015,PP,Asset Accession Release
4,1024,CO2 Pressure Gauge,CO2 Pressure Gauge,Asset Accession Form BWEBB 23 Oct 2015,CC,Asset Accession Release
4,107,Eppendorf Repeater plus pipette,Eppendorf Repeater plus pipette,Asset Accession Form BWEBB 23 Oct 2015,QC,Asset Accession Release
4,1636,pH Meter,pH Meter,Asset Accession Form BWEBB 23 Oct 2015,AD,Asset Accession Release
4,1016,AirGas Regulator,AirGas Regulator,Asset Accession Form BWEBB 23 Oct 2015,CC,Asset Accession Release
4,1109,Chart Recorder,Chart Recorder,Asset Accession Form BWEBB 23 Oct 2015,PD,Asset Accession Release
4,729,Inverted Microscope; Vista Vision,Inverted Microscope; Vista Vision,Asset Accession Form BWEBB 23 Oct 2015,QC,Asset Accession Release
4,1589,Traceable Timer,Traceable Timer,Asset Accession Form BWEBB 23 Oct 2015,PP,Asset Accession Release
4,1452,Temperature/Humidity Data Logger,Temperature/Humidity Data Logger,Asset Accession Form BWEBB 23 Oct 2015,EN,Asset Accession Release
4,341,Positive Displacement Pipette 3-25ul,Positive Displacement Pipette 3-25ul,Asset Accession Form BWEBB 23 Oct 2015,QC,Asset Accession Release
4,1008,AirGas Regulator,AirGas Regulator,Asset Accession Form BWEBB 23 Oct 2015,CC,Asset Accession Release
4,1355,5' Fume Hood,5' Fume Hood,Asset Accession Form BWEBB 23 Oct 2015,QC,Asset Accession Release
4,1026,Watson Marlow Pump,Watson Marlow Pump,Asset Accession Form BWEBB 23 Oct 2015,PP,Asset Accession Release
4,340,Power Supply,Power Supply,Asset Accession Form BWEBB 23 Oct 2015,QC,Asset Accession Release
4,1629,4-Channel Digital Timer,4-Channel Digital Timer,Asset Accession Form BWEBB 23 Oct 2015,CC,Asset Accession Release
4,20,Pipette lite LTS pipet 20-200ul,Pipette lite LTS pipet 20-200ul,Asset Accession Form BWEBB 23 Oct 2015,QC,Asset Accession Release
4,389,Sensory Input Module for Kaye Validator 2000,Sensory Input Module for Kaye Validator 2000,Asset Accession Form BWEBB 23 Oct 2015,EN,Asset Accession Release
4,1448,Temperature/Humidity Data Logger,Temperature/Humidity Data Logger,Asset Accession Form BWEBB 23 Oct 2015,EN,Asset Accession Release
4,353,Fluke Multimeter 77III,Fluke Multimeter 77III,Asset Accession Form BWEBB 23 Oct 2015,EN,Asset Accession Release
4,1615,Traceable 4 Channel Digital Timer,Traceable 4 Channel Digital Timer,Asset Accession Form BWEBB 23 Oct 2015,QC,Asset Accession Release
4,198,Pipette 100-1000 uL,Pipette 100-1000 uL,Asset Accession Form BWEBB 23 Oct 2015,QC,Asset Accession Release
4,1365,Temperature/Humidity Data Logger,Temperature/Humidity Data Logger,Asset Accession Form BWEBB 23 Oct 2015,EN,Asset Accession Release
4,1562,Mass Flow Controller,Mass Flow Controller,Asset Accession Form BWEBB 23 Oct 2015,RD,Asset Accession Release
4,1010,AirGas Regulator,AirGas Regulator,Asset Accession Form BWEBB 23 Oct 2015,CC,Asset Accession Release
4,116,Pipet-Lite LTS Pipet (L10),Pipet-Lite LTS Pipet (L10),Asset Accession Form BWEBB 23 Oct 2015,QC,Asset Accession Release
4,1040,Master Flex Pump Head,Master Flex Pump Head,Asset Accession Form BWEBB 23 Oct 2015,CC,Asset Accession Release
4,835,2-8°C Refrigerator,2-8°C Refrigerator,Asset Accession Form BWEBB 23 Oct 2015,14236-524,Asset Accession Release
4,989,Oxygen Gas Supply System with Manifold; Supply Piping & Valving,Oxygen Gas Supply System with Manifold; Supply Piping & Valving,Asset Accession Form BWEBB 23 Oct 2015,EN,Asset Accession Release
4,352,Fluke Multimeter 77III,Fluke Multimeter 77III,Asset Accession Form BWEBB 23 Oct 2015,EN,Asset Accession Release
4,1635,"""Capillary Electrophoresis """"Selma""""""","""Capillary Electrophoresis """"Selma""""""",Asset Accession Form BWEBB 23 Oct 2015,AD,Asset Accession Release
4,1050,100-1000 uL Pipette,100-1000 uL Pipette,Asset Accession Form BWEBB 23 Oct 2015,QC,Asset Accession Release
4,727,Biotek Plate Washer,Biotek Plate Washer,Asset Accession Form BWEBB 23 Oct 2015,QC,Asset Accession Release
4,1597,Traceable Thermometer,Traceable Thermometer,Asset Accession Form BWEBB 23 Oct 2015,PP,Asset Accession Release
4,1375,Temperature Recorder,Temperature Recorder,Asset Accession Form BWEBB 23 Oct 2015,QC,Asset Accession Release
4,1618,Traceable 4 Channel Digital Timer,Traceable 4 Channel Digital Timer,Asset Accession Form BWEBB 23 Oct 2015,QC,Asset Accession Release
4,244,Intelligent RTO Temperature Probe (IRTD),Intelligent RTO Temperature Probe (IRTD),Asset Accession Form BWEBB 23 Oct 2015,EN,Asset Accession Release
4,1616,Traceable 4 Channel Digital Timer,Traceable 4 Channel Digital Timer,Asset Accession Form BWEBB 23 Oct 2015,QC,Asset Accession Release
4,1612,Traceable 4 Channel Digital Timer,Traceable 4 Channel Digital Timer,Asset Accession Form BWEBB 23 Oct 2015,QC,Asset Accession Release
4,1363,Temperature/Humidity Data Logger,Temperature/Humidity Data Logger,Asset Accession Form BWEBB 23 Oct 2015,EN,Asset Accession Release
4,1445,Temperature/Humidity Data Logger,Temperature/Humidity Data Logger,Asset Accession Form BWEBB 23 Oct 2015,EN,Asset Accession Release
4,892,KMP Pump,KMP Pump,Asset Accession Form BWEBB 23 Oct 2015,PD,Asset Accession Release
4,1038,Chart Recorder,Chart Recorder,Asset Accession Form BWEBB 23 Oct 2015,MM,Asset Accession Release
4,1634,"""Capillary Electrophoresis """"Patty""""""","""Capillary Electrophoresis """"Patty""""""",Asset Accession Form BWEBB 23 Oct 2015,AD,Asset Accession Release
4,1600,Traceable Thermometer,Traceable Thermometer,Asset Accession Form BWEBB 23 Oct 2015,PP,Asset Accession Release
4,1205,VWR Pressure Meter,VWR Pressure Meter,Asset Accession Form BWEBB 23 Oct 2015,EN,Asset Accession Release
4,704,Binder Incubator,Binder Incubator,Asset Accession Form BWEBB 23 Oct 2015,RD,Asset Accession Release
4,1009,AirGas Regulator,AirGas Regulator,Asset Accession Form BWEBB 23 Oct 2015,CC,Asset Accession Release
Tier 1,1658,Flow Meter,BCT 3/8x1/8 A A clamp-on transducer that measures liquid flow through single use tubing (18-0102) by sound wave technology. The unit communicates to a Quattroflow pump.,1658: Flow Meter,MF,Asset Accession Release
Tier 1,1662,Flow Meter,BCT 3/8x1/8 A A clamp-on transducer that measures liquid flow through single use tubing (18-0102) by sound wave technology. The unit communicates to a Quattroflow pump.,1662: Flow Meter,MF,Asset Accession Release
Tier 1,1653,45 cm Column BPG 450/500,45 cm Column BPG 450/500,1653: 45 cm Column BPG 450500,MF,Asset Accession Release
Tier 1,1711,1290 Agilent HPLC,1290 Agilent HPLC,1711: 1290 Agilent HPLC,QC,Asset Accession Release
Tier 1,1676,Mass Flow Controllers,"Mass Flow Controllers for Single Use Bioreactors in Cell Culture MF; Gases: Air, Air, O2, CO2 (Config Code: A10-A10-O05-C02-000-000)",1676: Mass Flow Controllers,MF,Asset Accession Release
Tier 1,1777,Rees Scientific Environmental Monitoring System,PC-based environmental monitoring and control system designed to monitor an array of environmental parameters distributed throughout the clinical manufacturing facility,1777: Rees Scientific Environmental Monitoring System,EN,Asset Accession Release
Tier 1,1664,Sartoflow Plate and Frame Holder,Plate and Frame TFF filter cassette holder with hydraulic pump system.,1664: Sartoflow Plate and Frame Holder,MF,Asset Accession Release
Tier 1,1655,"Freezer, -80",-80 Freezer,"1655: Freezer, -80",MM,Asset Accession Release
Tier 1,883,Tru Bio Bioreactor Delta V Control System,Tru Bio Bioreactor Delta V Control System,0883: Tru Bio Bioreactor Delta V Control System,MF,Asset Accession Release
Tier 1,1654,45 cm Column BPG 450/500,45 cm Column BPG 450/500,1654: 45 cm Column BPG 450500,MF,Asset Accession Release
Tier 1,1692,2-8C Refrigerator,2-8C Refigerator.,1692: 2-8C Refrigerator,MF,Asset Accession Release
Tier 1,1779,Lauda Temperature Control Unit for 1000L SUB,Lauda Temperature Control Unit for 1000L SUB,1779: Lauda Temperature Control Unit for 1000L SUB,MF,Asset Accession Release
Tier 1,1625,1625 Agilent 1260 Infinity HPLC,Agilent 1260 Infinity HPLC,1625: 1625 Agilent 1260 Infinity HPLC,QC,Asset Accession Release
Tier 1,1780,Unicorn software for Wave 25 System,"Software installed on a computer that controls, monitors, and records data from the GE Wave 25 Bioreactor System",1780: Unicorn software for Wave 25 System,MF,Asset Accession Release
Tier 1,1665,45cm Chomatography Column,"45cm chromotography column consisting of a glass cylinder, stainless housing and column adaptor",1665: 45cm Chomatography Column,MF,Asset Accession Release
Tier 1,257,Cryobiological Storage Vessel; LN2,Cryobiological Storage Vessel; LN2,0257: Cryobiological Storage Vessel; LN2,QC,Asset Accession Release
Tier 2,1641,Vi-Cell XR,Vi-Cell XR,1641: Vi-Cell XR,MF,Asset Accession Release
Tier 2,1730,Wave 25 Bioreactor Rocker,Wave 25 Bioreactor Rocker,1730: Wave 25 Bioreactor Rocker,MF,Asset Accession Release
Tier 2,1691,Sartorius Stedim Biowelder,Sartorius Stedim Biowelder,1691: Sartorius Stedim Biowelder,MF,Asset Accession Release
Tier 2,1708,Vi-Cell Cell Counter,Cell counter and cell viability analyzer,1708: Vi-Cell Cell Counter,MF,Asset Accession Release
Tier 2,1593,Base 20/50 EHT - CO2 - L (100-120V) Wave,Base 20/50 EHT - CO2 - L (100-120V) Wave,1593: Base 2050 EHT - CO2 - L (100-120V) Wave,MF,Asset Accession Release
Tier 2,1737,Priorclave Compact 40 Autoclave,Sterilizing Autoclave,1737: Priorclave Compact 40 Autoclave,MF,Asset Accession Release
Tier 2,119,-20C freezer,-20C freezer,0119: -20C freezer,MM,Asset Accession Release
Tier 2,1729,Wave 25 Bioreactor Rocker,Wave 25 Bioreactor Rocker,1729: Wave 25 Bioreactor Rocker,MF,Asset Accession Release
Tier 2,1753,Biowelder TC,Sartorius Stedim Biowelder,1753: Biowelder TC,MF,Asset Accession Release
Tier 3,1674,Temp and RH Transmitter (Rm 117),Temperature and relative humidity transmitter for Purification 2 (Rm 117),1674: Temp and RH Transmitter (Rm 117),EN,Asset Accession Release
Tier 3,1659,Quattroflow Pump with Flow Meter function,"Quaternary diaphragm pump with Single use pump chamber. This pump has Pendotech pressure sensor capability, and ability for communication with Emtec Bio-TT Flow Meter.",1659: Quattroflow Pump with Flow Meter function,MF,Asset Accession Release
Tier 3,1651,Kaye Low Temperature Reference -90 (LTR-90),Kaye Low Temperature Reference -90 (LTR-90),1651: Kaye Low Temperature Reference -90 (LTR-90),EN,Asset Accession Release
Tier 3,1650,McMaster Carr Torque Wrench,McMaster Carr Torque Wrench,1650: McMaster Carr Torque Wrench,MF,Asset Accession Release
Tier 3,1644,"Bahco 3/8"" Torque Wrench","Bahco 3/8"" Torque Wrench",1644: Bahco 3/8 in. Torque Wrench,MF,Asset Accession Release
Tier 3,1689,Mettler Toledo Floor Scale,"A portable (wheels) stainless steel floor scale measuring 24""x24"" inches.",1689: Mettler Toledo Floor Scale,MF,Asset Accession Release
Tier 3,1652,Mega Pure System MP-6A Glass Still,Mega Pure System MP-6A Glass Still,1652: Mega Pure System MP-6A Glass Still,QC,Asset Accession Release
Tier 3,7,Revco -20°C Freezer,Revco -20°C Freezer,0007: Revco -20°C Freezer,QC,Asset Accession Release
Tier 3,1671,Temp and RH Transmitter (Rm 107),Temperature and relative humidity transmitter for Cell Culture 1 (Room 107),1671: Temp and RH Transmitter (Rm 107),EN,Asset Accession Release
Tier 3,1663,Sartocon Slice Plate and Frame,Plate and frame filter holder system.,1663: Sartocon Slice Plate and Frame,MF,Asset Accession Release
Tier 3,705,-80 Thermo Scientific Revco Plus Ultra Low Temp Freezer,-80 Thermo Scientific Revco Plus Ultra Low Temp Freezer,0705: -80 Thermo Scientific Revco Plus Ultra Low Temp Freezer,QC,Asset Accession Release
Tier 3,810,-80C Freezer,-80C Freezer,0810: -80C Freezer,QC,Asset Accession Release
Tier 3,1643,SciLog Pressure Monitor,SciLog Pressure Monitor,1643: SciLog Pressure Monitor,MF,Asset Accession Release
Tier 3,1680,Walk in Cold Room Rm247,Walk in cold room for the storage of GMP materials. The cold room had been assigned asset # 1044 Change of ownership was documented on a new asset accession form and new asset # number needs to be assigned.,1680: Walk in Cold Room Rm247,QC,Asset Accession Release
Tier 3,1660,Quattroflow Pump,Quatrenary pump with single use pump chamber and pendotech pressure shutoff.,1660: Quattroflow Pump,MF,Asset Accession Release
Tier 3,1352,Karl Fisher Coulometer with Reagent Exchange & Magnetic Stirrer,Karl Fisher Coulometer with Reagent Exchange & Magnetic Stirrer,1352: Karl Fisher Coulometer with Reagent Exchange Magnetic Stirrer,QC,Asset Accession Release
Tier 3,1673,Temp and RH Transmitter (Rm 115),Temperature and relative humidity transmitter for Purification 1 (Room 115),1673: Temp and RH Transmitter (Rm 115),EN,Asset Accession Release
Tier 3,12,Waterbath,Waterbath,0012: Waterbath,MF,Asset Accession Release
Tier 3,1738,Centrifuge MiniSpin,Bench top centrifuge,1738: Centrifuge MiniSpin,AD,Asset Accession Release
Tier 3,1638,Large Balance,Large Balance,1638: Large Balance,AD,Asset Accession Release
Tier 3,1672,Temp and RH Transmitter (Rm 111),Temperature and relative humidity transmitter for Cell Culture 2 (Room 111),1672: Temp and RH Transmitter (Rm 111),EN,Asset Accession Release
Tier 3,1667,Torque Wrench,A calibrated torque wrench.,1667: Torque Wrench,MF,Asset Accession Release
Tier 3,1688,Balance Analytical Weight Set,Analytical balance calibration weight set (5 mg - 100 g),1688: Balance Analytical Weight Set,AD,Asset Accession Release
Tier 3,1668,Torque Wrench,Torque wrench.,1668: Torque Wrench,MF,Asset Accession Release
Tier 3,1642,Sci-con Conductivity Monitor,SciCon Conductivity Monitor,1642: Sci-con Conductivity Monitor,MF,Asset Accession Release
Tier 3,793,GE Kaye Temperature Bath,GE Kaye Temperature Bath,0793: GE Kaye Temperature Bath,EN,Asset Accession Release
Tier 3,1831,Scilog Conductivity Monitor,Scicon monitor,1831: Scilog Conductivity Monitor,MF,Asset Accession Release
Tier 3,1713,32 kg Mettler Toledo Balance,32 kg Mettler Toledo Balance,1713: 32 kg Mettler Toledo Balance,MF,Asset Accession Release
Tier 3,1687,Viable Air Sampler,Viable Air Sampler,1687: Viable Air Sampler,QC,Asset Accession Release
Tier 3,1661,Quattroflow Pump,Quatrenary pump with single use pump chamber and pendotech pressure shutoff.,1661: Quattroflow Pump,MF,Asset Accession Release
Tier 3,1351,Karl Fisher Oven Sample Processor,Karl Fisher Oven Sample Processor,1351: Karl Fisher Oven Sample Processor,QC,Asset Accession Release
Tier 3,1207,Pipette 20-200 ul,Pipette 20-200 ul,1207: Pipette 20-200 ul,AD,Asset Accession Release
Tier 3,243,Low temp reference,Low temp reference,0243: Low temp reference,EN,Asset Accession Release
Tier 3,1710,Unit Heater (UH-5),Steam/Hot Water Unit Heater in 128 Grey Space Plenum (UH-5),1710: Unit Heater (UH-5),FAC,Asset Accession Release
Tier 3,1645,Bench Top Centrifuge,Bench Top Centrifuge,1645: Bench Top Centrifuge,AD,Asset Accession Release
Tier 3,1646,Bench Top Centrifuge,Bench Top Centrifuge,1646: Bench Top Centrifuge,AD,Asset Accession Release
Tier 3,1717,Light Meter Pen / Illuminance Meter,Light Meter Pen/ Iluminance Meter,1717: Light Meter Pen Illuminance Meter,QC,Asset Accession Release
Tier 3,1778,Light Meter Pen / Illuminance Meter,Light Meter Pen / Illuminance Meter,1778: Light Meter Pen Illuminance Meter,QC,Asset Accession Release
Tier 3,1690,DDM2911 Densitometer,DDM2911 Densitometer,1690: DDM2911 Densitometer,QC,Asset Accession Release
Tier 3,1745,Oxygen Sensor,E3point Standalone Gas Monitor is a toxic or combustible gas detection system,1745: Oxygen Sensor,QC,Asset Accession Release
Tier 3,1696,Climet Particle Counter,Climet Particle Counter,1696: Climet Particle Counter,QC,Asset Accession Release
Tier 3,396,-80 deg Freezer,-80 deg Freezer,0396: -80 deg Freezer,QC,Asset Accession Release
Tier 4,771,100-1000uL VWR Pipette,100-1000uL VWR Pipette,0771: 100-1000uL VWR Pipette,PD,Asset Accession Release
Tier 4,1164,Pipette 100 ul,Pipette 100 ul,1164: Pipette 100 ul,QC,Asset Accession Release
Tier 4,199,Pipette 20-200 uL,Pipette 20-200 uL,0199: Pipette 20-200 uL,QC,Asset Accession Release
Tier 4,606,0.5-10ul single channel pipettor,0.5-10ul single channel pipettor,0606: 0.5-10ul single channel pipettor,PD,Asset Accession Release
Tier 4,204,Pipette 10-100 uL,Pipette 10-100 uL,0204: Pipette 10-100 uL,QC,Asset Accession Release
Tier 4,1775,1775: Pipettor,VWR Signature Ergonomic High-Performance Pipettor,1775: 1775: Pipettor,PB,Asset Accession Release
Tier 4,916,VWR 100-1000 uL Pipette,VWR 100-1000 uL Pipette,0916: VWR 100-1000 uL Pipette,FORM,Asset Accession Release
Tier 4,1670,Long Stem Thermometer,Long stem calibrated thermometer.,1670: Long Stem Thermometer,MF,Asset Accession Release
Tier 4,345,Positive Displacement Pipette 100-1000ul,Positive Displacement Pipette 100-1000ul,0345: Positive Displacement Pipette 100-1000ul,QC,Asset Accession Release
Tier 4,1703,Timer,Timer,1703: Timer,QC,Asset Accession Release
Tier 4,1825,500-5000 uL Pipette,500-5000 uL Pipette,1825: 500-5000 uL Pipette,AD,Asset Accession Release
Tier 4,1798,20-200 uL Pipette,20-200 uL Pipette,1798: 20-200 uL Pipette,PD,Asset Accession Release
Tier 4,665,VWR 10-100ul single channel pipettor,VWR 10-100ul single channel pipettor,0665: VWR 10-100ul single channel pipettor,PD,Asset Accession Release
Tier 4,1797,2-20 uL Pipette,2-20 uL Pipette,1797: 2-20 uL Pipette,PD,Asset Accession Release
Tier 4,1166,Pipette 1000 ul,Pipette 1000 ul,1166: Pipette 1000 ul,QC,Asset Accession Release
Tier 4,1295,0.5-10 uL Pipette,0.5-10 uL Pipette,1295: 0.5-10 uL Pipette,FORM,Asset Accession Release
Tier 4,1812,100-1000 uL Pipette,100-1000 uL Pipette,1812: 100-1000 uL Pipette,AD,Asset Accession Release
Tier 4,649,20-200ul single channel pipettor,20-200ul single channel pipettor,0649: 20-200ul single channel pipettor,FORM,Asset Accession Release
Tier 4,1293,100-1000 uL Pipette,100-1000 uL Pipette,1293: 100-1000 uL Pipette,FORM,Asset Accession Release
Tier 4,1810,20-200 uL Pipette,20-200 uL Pipette,1810: 20-200 uL Pipette,PD,Asset Accession Release
Tier 4,1776,1776: Pipettor,VWR Signature Ergonomic High-Performance Pipettor,1776: 1776: Pipettor,PB,Asset Accession Release
Tier 4,1813,0.1-2.5 uL Pipette,0.1-2.5 uL Pipette,1813: 0.1-2.5 uL Pipette,AD,Asset Accession Release
Tier 4,346,Positive Displacement Pipette 100-1000ul,Positive Displacement Pipette 100-1000ul,0346: Positive Displacement Pipette 100-1000ul,QC,Asset Accession Release
Tier 4,1803,0.1-3 uL Pipette,0.1-3 uL Pipette,1803: 0.1-3 uL Pipette,PD,Asset Accession Release
Tier 4,1237,100-1000 uL Pipette,100-1000 uL Pipette,1237: 100-1000 uL Pipette,PD,Asset Accession Release
Tier 4,1752,1752: Pipettor,VWR Signature Ergonomic High-Performance Pipettor,1752: 1752: Pipettor,PB,Asset Accession Release
Tier 4,1760,Digital Timer,Calibrated digital timer,1760: Digital Timer,MF,Asset Accession Release
Tier 4,1817,Calibrated Timer,TImer,1817: Calibrated Timer,MF,Asset Accession Release
Tier 4,1728,Pipettor,VWR Signature Ergonomic High Performance Pipettor,1728: Pipettor,PB,Asset Accession Release
Tier 4,1830,Tier 1 and Tier 2 Electrical Power Grid for 128 Sidney St,Tier 1 and Tier 2 Electrical Power Grid for 128 Sidney St,1830: Tier 1 and Tier 2 Electrical Power Grid for 128 Sidney St,FAC,Asset Accession Release
Tier 4,342,Positive Displacement Pipette 3-25ul,Positive Displacement Pipette 3-25ul,0342: Positive Displacement Pipette 3-25ul,QC,Asset Accession Release
Tier 4,1773,1773: Pipettor,VWR Signature Ergonomic High-Performance Pipettor,1773: 1773: Pipettor,PB,Asset Accession Release
Tier 4,29,Pipet lite LTS pipet 100-1000ul,Pipet lite LTS pipet 100-1000ul,0029: Pipet lite LTS pipet 100-1000ul,PD,Asset Accession Release
Tier 4,1786,0.1-2 uL Pipette,0.1-2 uL Pipette,1786: 0.2-2 uL Pipette,PD,Asset Accession Release
Tier 4,1761,Digital Thermometer,Traceable digital thermometer,1761: Digital Thermometer,MF,Asset Accession Release
Tier 4,1770,1770: Pipettor,VWR Signature Ergonomic High-Performance Pipettor,1770: 1770: Pipettor,PB,Asset Accession Release
Tier 4,18,Pipet lite LTS 12-CH pipet 20-200ul,Pipet lite LTS 12-CH pipet 20-200ul,0018: Pipet lite LTS 12-CH pipet 20-200ul,QC,Asset Accession Release
Tier 4,1678,Timer,Digital Timer.,1678: Timer,MF,Asset Accession Release
Tier 4,670,VWR 20-200ul single channel pipettor,VWR 20-200ul single channel pipettor,0670: VWR 20-200ul single channel pipettor,PD,Asset Accession Release
Tier 4,1679,Timer,Digital Timer,1679: Timer,MF,Asset Accession Release
Tier 4,1570,25 uL Fixed Volume Pipette,25 uL Fixed Volume Pipette,1570: 25 uL Fixed Volume Pipette,QC,Asset Accession Release
Tier 4,1743,Multichannel 300ul pipette,Multichannel 300ul pipette,1743: Multichannel 300ul pipette,QC,Asset Accession Release
Tier 4,1822,0.5-10 uL Pipette,0.5-10 uL Pipette,1822: 0.5-10 uL Pipette,AD,Asset Accession Release
Tier 4,1774,1774: Pipettor,VWR Signature Ergonomic High-Performance Pipettor,1774: 1774: Pipettor,PB,Asset Accession Release
Tier 4,22,Pipette lite LTS pipet 0.5-10ul,Pipette lite LTS pipet 0.5-10ul,0022: Pipette lite LTS pipet 0.5-10ul,QC,Asset Accession Release
Tier 4,1818,Calibrated Timer,Timer,1818: Calibrated Timer,MF,Asset Accession Release
Tier 4,1716,20-200 microliter pipet,20-200 microliter adjustable pipet,1716: 20-200 microliter pipet,AD,Asset Accession Release
Tier 4,502,100-1000ul pipette,100-1000ul pipette,0502: 100-1000ul pipette,QC,Asset Accession Release
Tier 4,1819,Calibrated Timer,Timer,1819: Calibrated Timer,MF,Asset Accession Release
Tier 4,552,50-300ul 8 channel pipettor,50-300ul 8 channel pipettor,0552: 50-300ul 8 channel pipettor,PD,Asset Accession Release
Tier 4,671,VWR 10-100ul single channel pipettor,VWR 10-100ul single channel pipettor,0671: VWR 10-100ul single channel pipettor,PD,Asset Accession Release
Tier 4,520,Pipette Lite L-20,Pipette Lite L-20,0520: Pipette Lite L-20,QC,Asset Accession Release
Tier 4,934,Eppendorf 0.5-10 uL Pipette,Eppendorf 0.5-10 uL Pipette,0934: Eppendorf 0.5-10 uL Pipette,AD,Asset Accession Release
Tier 4,1759,Digital Timer,Calibrated ditigal timer,1759: Digital Timer,MF,Asset Accession Release
Tier 4,1821,20-200 uL Pipette,20-200 uL Pipette,1821: 20-200 uL Pipette,AD,Asset Accession Release
Tier 4,1748,1748: Pipettor,VWR Signature Ergonomic High-Performance Pipettor,1748: 1748: Pipettor,PB,Asset Accession Release
Tier 4,1167,Pipette 100 ul,Pipette 100 ul,1167: Pipette 100 ul,QC,Asset Accession Release
Tier 4,309,Pipet-Lite LTS pipet 2-20 ul,Pipet-Lite LTS pipet 2-20 ul,0309: Pipet-Lite LTS pipet 2-20 ul,QC,Asset Accession Release
Tier 4,203,Pipette 20-200 uL,Pipette 20-200 uL,0203: Pipette 20-200 uL,QC,Asset Accession Release
Tier 4,1784,20-200 uL Pipette,20-200 uL Pipette,1784: 20-200 uL Pipette,PD,Asset Accession Release
Tier 4,1649,VWR Pipetman 100-1000 µL,VWR Pipetman 100-1000 µL,1649: VWR Pipetman 100-1000 µL,PB,Asset Accession Release
Tier 4,1311,Pipette,Pipette,1311: Pipette,AD,Asset Accession Release
Tier 4,1765,1765 - Pipettor,VWR Signature Ergonomic High-Performance Pipettor,1765: 1765 - Pipettor,PB,Asset Accession Release
Tier 4,1766,1766: Pipettor,VWR Signature Ergonomic High-Performance Pipettor,1766: 1766: Pipettor,PB,Asset Accession Release
Tier 4,789,2uL pipette,2uL pipette,0789: 2uL pipette,QC,Asset Accession Release
Tier 4,266,Pipettor L200,Pipettor L200,0266: Pipettor L200,QC,Asset Accession Release
Tier 4,557,100-1000 ul Pipette,single channel pipettor,0557: 100-1000 ul Pipette,PD,Asset Accession Release
Tier 4,1762,Long stem digital thermometer,Calibrated traceable digital thermometer,1762: Long stem digital thermometer,MF,Asset Accession Release
Tier 4,201,Pipette 0.5-10 uL,Pipette 0.5-10 uL,0201: Pipette 0.5-10 uL,QC,Asset Accession Release
Tier 4,1727,Pipettor,VWR Signature Ergonomic High Performance Pipettor,1727: Pipettor,PB,Asset Accession Release
Tier 4,969,,Refrigerator,969:00:00,PD,Asset Accession Release
Tier 4,669,VWR 100-1000ul single channel pipettor,VWR 100-1000ul single channel pipettor,0669: VWR 100-1000ul single channel pipettor,PD,Asset Accession Release
Tier 4,1292,2-20 uL Pipette,2-20 uL Pipette,1292: 2-20 uL Pipette,FORM,Asset Accession Release
Tier 4,1749,1749: Pipettor,VWR Signature Ergonomic High-Performance Pipettor,1749: 1749: Pipettor,PB,Asset Accession Release
Tier 4,1647,VWR Pipetman 100-1000 µL,VWR Pipetman 100-1000 µL,1647: VWR Pipetman 100-1000 µL,PB,Asset Accession Release
Tier 4,1290,10-100 uL Pipette,10-100 uL Pipette,1290: 10-100 uL Pipette,FORM,Asset Accession Release
Tier 4,207,Pipette L12-200 Multichannel,Pipette L12-200 Multichannel,0207: Pipette L12-200 Multichannel,QC,Asset Accession Release
Tier 4,601,100-1000ul single channel pipettor,100-1000ul single channel pipettor,0601: 100-1000ul single channel pipettor,PD,Asset Accession Release
Tier 4,1746,1746: Pipettor,VWR Signature Ergonomic High-Performance Pipettor,1746: 1746: Pipettor,PB,Asset Accession Release
Tier 4,1739,Multichannel 1250ul pipette,Multichannel 1250ul pipette,1739: Multichannel 1250ul pipette,QC,Asset Accession Release
Tier 4,1772,1772: Pipettor,VWR Signature Ergonomic High-Performance Pipettor,1772: 1772: Pipettor,PB,Asset Accession Release
Tier 4,1029,Rainin 100-1000 uL Pipette,Rainin 100-1000 uL Pipette,1029: Rainin 100-1000 uL Pipette,QC,Asset Accession Release
Tier 4,1768,1768: Pipettor,VWR Signature Ergonomic High-Performance Pipettor,1768: 1768: Pipettor,PB,Asset Accession Release
Tier 4,202,Pipette 100-1000 uL,Pipette 100-1000 uL,0202: Pipette 100-1000 uL,QC,Asset Accession Release
Tier 4,564,20-200ul single channel pipettor,20-200ul single channel pipettor,0564: 20-200ul single channel pipettor,PD,Asset Accession Release
Tier 4,584,0.5-10ul single channel pipettor,0.5-10ul single channel pipettor,0584: 0.5-10ul single channel pipettor,FORM,Asset Accession Release
Tier 4,1783,2-20 uL Pipette,2-20 uL pipette,1783: 2-20 uL Pipette,PD,Asset Accession Release
Tier 4,1788,10-300 uL Pipette,10-300 uL Pipette,1788: 10-300 uL Pipette,PD,Asset Accession Release
Tier 4,1726,Pipettor,VWR Signature Ergonomic High Performance Pipettor,1726: Pipettor,PB,Asset Accession Release
Tier 4,1294,100-1000 uL Pipette,100-1000 uL Pipette,1294: 100-1000 uL Pipette,FORM,Asset Accession Release
Tier 4,1792,0.1-2.5 uL Pipette,0.1-2.5 uL Pipette,1792: 0.1-2.5 uL Pipette,FORM,Asset Accession Release
Tier 4,1781,AD Fume hood,Laboratory fume hood,1781: AD Fume hood,AD,Asset Accession Release
Tier 4,899,Rainin Pipet-Lite 10-100 uL,Rainin Pipet-Lite 10-100 uL,0899: Rainin Pipet-Lite 10-100 uL,AD,Asset Accession Release
Tier 4,1789,0.5-12.5 uL Pipette,0.5-12.5 uL Pipette,1789: 0.5-12.5 uL Pipette,PD,Asset Accession Release
Tier 4,1734,4-Channel Digital Timer,4- channel big digit timer,1734: 4-Channel Digital Timer,MF,Asset Accession Release
Tier 4,777,0.5-10uL VWR Pipette,0.5-10uL VWR Pipette,0777: 0.5-10uL VWR Pipette,PD,Asset Accession Release
Tier 4,591,20-200ul single channel pipettor,20-200ul single channel pipettor,0591: 20-200ul single channel pipettor,PD,Asset Accession Release
Tier 4,1808,500-5000 uL Pipette,500-5000 uL Pipette,1808: 500-5000 uL Pipette,PD,Asset Accession Release
Tier 4,1685,2-8 C Refrigerator,2-8 C Refrigerator,1685: 2-8 C Refrigerator,AD,Asset Accession Release
Tier 4,773,20-200uL VWR Pipette,20-200uL VWR Pipette,0773: 20-200uL VWR Pipette,PD,Asset Accession Release
Tier 4,1823,0.1-2.5 uL Pipette,0.1-2.5 uL Pipette,1823: 0.1-2.5 uL Pipette,AD,Asset Accession Release
Tier 4,1824,2-20 uL Pipette,2-20 uL Pipette,1824: 2-20 uL Pipette,AD,Asset Accession Release
Tier 4,1791,2-20 uL Pipette,2-20 uL Pipette,1791: 2-20 uL Pipette,FORM,Asset Accession Release
Tier 4,1769,1769: Pipettor,VWR Signature Ergonomic High-Performance Pipettor,1769: 1769: Pipettor,PB,Asset Accession Release
Tier 4,1805,10-100 uL Pipette,10-100 uL Pipette,1805: 10-100 uL Pipette,PD,Asset Accession Release
Tier 4,1316,0.5-10 ul Pipette,Pipette,1316: 0.5-10 ul Pipette,AD,Asset Accession Release
Tier 4,1742,Multichannel 300ul pipette,Multichannel 300ul pipette,1742: Multichannel 300ul pipette,QC,Asset Accession Release
Tier 4,672,VWR 2-20ul single channel pipettor,VWR 2-20ul single channel pipettor,0672: VWR 2-20ul single channel pipettor,PD,Asset Accession Release
Tier 4,1666,Thermometer,Long stem digital thermometer.,1666: Thermometer,MF,Asset Accession Release
Tier 4,1740,Multichannel 1250ul pipette,Multichannel 1250ul pipette,1740: Multichannel 1250ul pipette,QC,Asset Accession Release
Tier 4,19,Pipet lite LTS 12-CH pipet 100-1000ul,Pipet lite LTS 12-CH pipet 100-1000ul,0019: Pipet lite LTS 12-CH pipet 100-1000ul,QC,Asset Accession Release
Tier 4,1169,Pipette 100 ul,Pipette 100 ul,1169: Pipette 100 ul,QC,Asset Accession Release
Tier 4,549,100-1000ul single channel pipettor,100-1000ul single channel pipettor,0549: 100-1000ul single channel pipettor,PD,Asset Accession Release
Tier 4,1771,1771: Pipettor,VWR Signature Ergonomic High-Performance Pipettor,1771: 1771: Pipettor,PB,Asset Accession Release
Tier 4,1755,1755: Pipettor,Eppendorf Maxipettor 4720 pipette,1755: 1755: Pipettor,PB,Asset Accession Release
Tier 4,1806,20-200 uL Pipette,20-200 uL Pipette,1806: 20-200 uL Pipette,PD,Asset Accession Release
Tier 4,1741,Multichannel 1250ul pipette,Multichannel 1250ul pipette,1741: Multichannel 1250ul pipette,QC,Asset Accession Release
Tier 4,1787,15-1250 uL Pipette,15-1250 uL Pipette,1787: 50-1250 uL Pipette,PD,Asset Accession Release
Tier 4,1799,100-1000 uL Pipette,100-1000 uL Pipette,1799: 100-1000 uL Pipette,PD,Asset Accession Release
Tier 4,803,0803: CO2 Incubator,CO2 Incubator,0803: 0803: CO2 Incubator,PD,Asset Accession Release
Tier 4,1795,2-20 uL Pipette,2-20 uL Pipette,1795: 2-20 uL Pipette,PD,Asset Accession Release
Tier 4,1794,20-200 uL Pipette,20-200 uL Pipette,1794: 20-200 uL Pipette,PD,Asset Accession Release
Tier 4,1782,Asset ID 1782 Biosafety Cabinet,Biosafety cabinet,1782: Asset ID 1782 Biosafety Cabinet,PD,Asset Accession Release
Tier 4,1807,100-1000 uL Pipette,100-1000 uL Pipette,1807: 100-1000 uL Pipette,PD,Asset Accession Release
Tier 4,310,Pipet-Lite LTS pipet 2-20 ul,Pipet-Lite LTS pipet 2-20 ul,0310: Pipet-Lite LTS pipet 2-20 ul,QC,Asset Accession Release
Tier 4,666,VWR 100-1000ul single channel pipettor,VWR 100-1000ul single channel pipettor,0666: VWR 100-1000ul single channel pipettor,PD,Asset Accession Release
Tier 4,344,Positive Displacement Pipette 10-100ul,Positive Displacement Pipette 10-100ul,0344: Positive Displacement Pipette 10-100ul,QC,Asset Accession Release
Tier 4,1735,4-Channel Digital Timer,4- channel big digit timer,1735: 4-Channel Digital Timer,MF,Asset Accession Release
Tier 4,551,20-200ul single channel pipettor,20-200ul single channel pipettor,0551: 20-200ul single channel pipettor,PD,Asset Accession Release
Tier 4,1723,Pipettor,VWR Signature Ergonomic High Performance Pipettor,1723: Pipettor,PB,Asset Accession Release
Tier 4,1165,Pipette 100 ul,Pipette 100 ul,1165: Pipette 100 ul,QC,Asset Accession Release
Tier 4,586,100-1000ul single channel pipettor,100-1000ul single channel pipettor,0586: 100-1000ul single channel pipettor,FORM,Asset Accession Release
Tier 4,1751,1751: Pipettor,VWR Signature Ergonomic High-Performance Pipettor,1751: 1751: Pipettor,PB,Asset Accession Release
Tier 4,1720,10-100 microliter adjustable pipet,10-100 microliter adjustable pipet,1720: 10-100 microliter adjustable pipet,AD,Asset Accession Release
Tier 4,1796,0.5-10 uL Pipette,0.5-10 uL Pipette,1796: 0.5-10 uL Pipette,PD,Asset Accession Release
Tier 4,1815,20-200 uL Pipette,20-200 uL Pipette,1815: 20-200 uL Pipette,AD,Asset Accession Release
Tier 4,1305,Pipette,Pipette,1305: Pipette,AD,Asset Accession Release
Tier 4,1238,2-20 uL Pipette,2-20 uL Pipette,1238: 2-20 uL Pipette,PD,Asset Accession Release
Tier 4,1289,10-100 uL Pipette,10-100 uL Pipette,1289: 10-100 uL Pipette,FORM,Asset Accession Release
Tier 4,583,10-100ul single channel pipettor,10-100ul single channel pipettor,0583: 10-100ul single channel pipettor,FORM,Asset Accession Release
Tier 4,1756,1756: Pipettor,VWR Signature Ergonomic High Performance Single-Channel Variable Volume Pipettor,1756: 1756: Pipettor,PB,Asset Accession Release
Tier 4,1288,100-1000 uL Pipette,100-1000 uL Pipette,1288: 100-1000 uL Pipette,FORM,Asset Accession Release
Tier 4,585,2-20ul single channel pipettor,2-20ul single channel pipettor,0585: 2-20ul single channel pipettor,FORM,Asset Accession Release
Tier 4,1744,Multichannel 300ul pipette,Multichannel 300ul pipette,1744: Multichannel 300ul pipette,QC,Asset Accession Release
Tier 4,1758,Digital Timer,Calibrated dgital timer,1758: Digital Timer,MF,Asset Accession Release
Tier 4,1677,Timer,Digital Timer.,1677: Timer,MF,Asset Accession Release
Tier 4,1757,1757: Pipettor,VWR Signature Ergonomic High Performance Single-Channel Variable Volume Pipettor,1757: 1757: Pipettor,PB,Asset Accession Release
Tier 4,1809,0.1-2.5 uL Pipette,0.1-2.5 uL Pipette,1809: 0.1-2.5 uL Pipette,PD,Asset Accession Release
Tier 4,1718,100-1000 microliter pipet (Rainin),100-1000 microliter adjustable classic pipet,1718: 100-1000 microliter pipet (Rainin),AD,Asset Accession Release
Tier 4,1175,Pipette 100-1000 uL,Pipette 100-1000 uL,1175: Pipette 100-1000 uL,PD,Asset Accession Release
Tier 4,1168,Pipette 10 ul,Pipette 10 ul,1168: Pipette 10 ul,QC,Asset Accession Release
Tier 4,1669,Timer,Calibrated Timer.,1669: Timer,MF,Asset Accession Release
Tier 4,1800,500-5000 uL Pipette,500-5000 uL Pipette,1800: 500-5000 uL Pipette,PD,Asset Accession Release
Tier 4,673,VWR 0.5-10ul single channel pipettor,VWR 0.5-10ul single channel pipettor,0673: VWR 0.5-10ul single channel pipettor,PD,Asset Accession Release
Tier 4,1750,1750: Pipettor,VWR Signature Ergonomic High-Performance Pipettor,1750: 1750: Pipettor,PB,Asset Accession Release
Tier 4,1820,100-1000 uL Pipette,100-1000 uL Pipette,1820: 100-1000 uL Pipette,PD,Asset Accession Release
Tier 4,1240,20-200 uL Pipette,20-200 uL Pipette,1240: 20-200 uL Pipette,PD,Asset Accession Release
Tier 4,917,VWR 2-20 uL Pipette,VWR 2-20 uL Pipette,0917: VWR 2-20 uL Pipette,FORM,Asset Accession Release
Tier 4,1648,VWR Pipetman 0.5-10 µL,VWR Pipetman 0.5-10 µL,1648: VWR Pipetman 0.5-10 µL,PB,Asset Accession Release
Tier 4,1686,-20 C Freezer,-20 C Freezer,1686: -20 C Freezer,AD,Asset Accession Release
Tier 4,1767,1767: Pipettor,VWR Signature Ergonomic High-Performance Pipettor,1767: 1767: Pipettor,PB,Asset Accession Release
Tier 4,1793,2-20 uL Pipette,2-20 uL Pipette,1793: 2-20 uL Pipette,PD,Asset Accession Release
Tier 4,1754,1754: Pipettor,VWR Signature Ergonomic High-Performance Pipettor,1754: 1754: Pipettor,PB,Asset Accession Release
Tier 4,1785,100-1000 uL Pipette,100-1000 uL Pipette,1785: 100-1000 uL Pipette,PD,Asset Accession Release
Tier 4,802,0802: CO2 Incubator,CO2 Incubator,0802: 0802: CO2 Incubator,PD,Asset Accession Release
Tier 4,1724,Pipettor,VWR Signature Ergonomic High Performance Pipettor,1724: Pipettor,PB,Asset Accession Release
Tier 4,1804,2-20 uL Pipette,2-20 uL Pipette,1804: 2-20 uL Pipette,PD,Asset Accession Release
Tier 4,1790,10-100 uL Pipette,10-100 uL Pipette,1790: 10-100 uL Pipette,FORM,Asset Accession Release
Tier 4,200,Pipette 10-100 uL,Pipette 10-100 uL,0200: Pipette 10-100 uL,QC,Asset Accession Release
Tier 4,1747,1747: Pipettor,VWR Signature Ergonomic High-Performance Pipettor,1747: 1747: Pipettor,PB,Asset Accession Release
Tier 4,1725,Pipettor,VWR Signature Ergonomic High Performance Pipettor,1725: Pipettor,PB,Asset Accession Release
